,epoch,train_accuracy,validation_accuracy
0,0,0.6325301204819277,0.8122743682310469
1,1,0.8032128514056225,0.8375451263537906
2,2,0.8815261044176707,0.8375451263537906
3,3,0.9389558232931727,0.8447653429602888
4,4,0.9674698795180723,0.8411552346570397
5,5,0.9799196787148594,0.8447653429602888
6,6,0.983132530120482,0.8483754512635379
7,7,0.9867469879518073,0.8483754512635379
8,8,0.9899598393574297,0.8375451263537906
9,9,0.9899598393574297,0.8483754512635379
