,epoch,train_matthews_correlation,validation_matthews_correlation
0,0,0.11246916724702381,0.19038312637288776
1,1,0.29042702734394993,0.431061708830537
2,2,0.5526139362479477,0.49333010163844776
3,3,0.6949302290875847,0.5285646777370838
4,4,0.7703043526406842,0.4878769928492339
5,5,0.82440530901686,0.5025795557201045
6,6,0.8668565833475399,0.48513922800011067
7,7,0.8906434986245526,0.44353782057294777
8,8,0.9104145800831204,0.46288479830158913
9,9,0.9231526549956514,0.5032393365588423
