,epoch,train_accuracy,validation_accuracy
0,0,0.45984251968503936,0.5211267605633803
1,1,0.48031496062992124,0.5070422535211268
2,2,0.494488188976378,0.49295774647887325
3,3,0.510236220472441,0.4788732394366197
4,4,0.5023622047244094,0.38028169014084506
5,5,0.5275590551181102,0.352112676056338
6,6,0.5275590551181102,0.3380281690140845
7,7,0.5417322834645669,0.30985915492957744
8,8,0.5858267716535434,0.3380281690140845
9,9,0.5811023622047244,0.352112676056338
