,epoch,train_accuracy,validation_accuracy
0,0,0.4887550200803213,0.5234657039711191
1,1,0.519277108433735,0.5306859205776173
2,2,0.5437751004016064,0.5812274368231047
3,3,0.6510040160642571,0.6823104693140795
4,4,0.7453815261044177,0.7075812274368231
5,5,0.8100401606425702,0.7184115523465704
6,6,0.8526104417670682,0.7184115523465704
7,7,0.8863453815261044,0.7256317689530686
8,8,0.9052208835341365,0.7292418772563177
9,9,0.929718875502008,0.7075812274368231
