,epoch,train_accuracy,validation_accuracy
0,0,0.7579695063154578,0.8982244188174996
1,1,0.8904079508893196,0.9198242723778144
2,2,0.9209875600278777,0.9227530660809079
3,3,0.94711818450875,0.9236683141131247
4,4,0.9646468021729375,0.9254988101775581
5,5,0.976428019056166,0.9229361156873512
6,6,0.9839034589423636,0.9216547684422478
7,7,0.9889348214200472,0.9271462566355483
8,8,0.9920949371318369,0.9245835621453414
9,9,0.9944721842987121,0.9267801574226615
