,epoch,train_accuracy,validation_accuracy
0,0,0.49291338582677163,0.5352112676056338
1,1,0.5070866141732283,0.5633802816901409
2,2,0.49291338582677163,0.5633802816901409
3,3,0.5133858267716536,0.5633802816901409
4,4,0.49133858267716535,0.5633802816901409
5,5,0.5055118110236221,0.5633802816901409
6,6,0.4645669291338583,0.5633802816901409
7,7,0.5086614173228347,0.5915492957746479
8,8,0.47086614173228347,0.5774647887323944
9,9,0.5007874015748032,0.5633802816901409
