,epoch,train_matthews_correlation,validation_matthews_correlation
0,0,0.054062318080174546,0.0
1,1,0.39309765577150924,0.4965059450357497
2,2,0.6080886092899005,0.5530852997835514
3,3,0.7351627917531776,0.5530852997835514
4,4,0.8166166385583948,0.559827888599451
5,5,0.8685990485793575,0.5701789905913004
6,6,0.8942076687686272,0.6006707792285204
7,7,0.9252250544303083,0.6007221525351318
8,8,0.9442986321539092,0.605712540622093
9,9,0.9511297464916438,0.6056766490257713
