,epoch,train_accuracy,validation_accuracy
0,0,0.791563349121739,0.9346330275229358
1,1,0.9264725534157894,0.9334862385321101
2,2,0.949561240701421,0.9495412844036697
3,3,0.9642904868669171,0.944954128440367
4,4,0.9736744420852574,0.9472477064220184
5,5,0.9789900369715957,0.9461009174311926
6,6,0.9834444460942257,0.9472477064220184
7,7,0.9875573505174539,0.9392201834862385
8,8,0.9899033393220389,0.9461009174311926
9,9,0.991106029785149,0.9506880733944955
