,epoch,train_accuracy,validation_accuracy
0,0,0.48661417322834644,0.43661971830985913
1,1,0.47716535433070867,0.49295774647887325
2,2,0.521259842519685,0.5633802816901409
3,3,0.4582677165354331,0.4507042253521127
4,4,0.462992125984252,0.4507042253521127
5,5,0.5007874015748032,0.43661971830985913
6,6,0.48976377952755906,0.43661971830985913
7,7,0.47716535433070867,0.4084507042253521
8,8,0.48976377952755906,0.4225352112676056
9,9,0.49133858267716535,0.4084507042253521
