,epoch,train_accuracy,validation_accuracy
0,0,0.6740593643489302,0.8004759289767527
1,1,0.8063068653752518,0.8273842211239246
2,2,0.836972399110203,0.8456891817682592
3,3,0.8618237018225562,0.8596009518579535
4,4,0.8825888126175496,0.8683873329672341
5,5,0.8967759181997842,0.8766245652571847
6,6,0.9093781923374354,0.8702178290316676
7,7,0.9171782362544514,0.8704008786381109
8,8,0.9238326188862263,0.8707669778509977
9,9,0.9276514898370297,0.8764415156507414
