,epoch,train_accuracy,validation_accuracy
0,0,0.5076305220883535,0.5126353790613718
1,1,0.519277108433735,0.5234657039711191
2,2,0.5309236947791165,0.5379061371841155
3,3,0.5911646586345382,0.5270758122743683
4,4,0.621285140562249,0.5270758122743683
5,5,0.6574297188755021,0.5126353790613718
6,6,0.6783132530120481,0.5090252707581228
7,7,0.7088353413654619,0.5126353790613718
8,8,0.704417670682731,0.5054151624548736
9,9,0.7112449799196787,0.5054151624548736
