,epoch,train_accuracy,validation_accuracy
0,0,0.6677010794518107,0.8772935779816514
1,1,0.8893524773938737,0.9128440366972477
2,2,0.9241265646112043,0.908256880733945
3,3,0.9450177433963385,0.9139908256880734
4,4,0.956480422871906,0.911697247706422
5,5,0.9622711547313249,0.9185779816513762
6,6,0.9680915826515613,0.911697247706422
7,7,0.9717887422233441,0.9185779816513762
8,8,0.9739714026934327,0.9208715596330275
9,9,0.9759907348290249,0.9185779816513762
