,epoch,train_matthews_correlation,validation_matthews_correlation
0,0,-0.004466305189390708,0.0
1,1,0.012077172983266585,0.12300105566407585
2,2,0.2665656691875732,0.3431008904390327
3,3,0.4660655761137771,0.37532966531852174
4,4,0.5568053159800462,0.39332647921017866
5,5,0.6022359213905719,0.3838564749041837
6,6,0.6471134742415429,0.3953611854992157
7,7,0.6763440060368123,0.40770032030444986
8,8,0.6913487890252819,0.4118182319706893
9,9,0.7009817153114015,0.4423775977311462
