,epoch,train_accuracy,validation_accuracy
0,0,0.49606299212598426,0.5633802816901409
1,1,0.494488188976378,0.5633802816901409
2,2,0.4818897637795276,0.5633802816901409
3,3,0.5244094488188976,0.5633802816901409
4,4,0.5118110236220472,0.5774647887323944
5,5,0.5307086614173229,0.5211267605633803
6,6,0.5039370078740157,0.49295774647887325
7,7,0.5070866141732283,0.49295774647887325
8,8,0.5181102362204725,0.4647887323943662
9,9,0.49133858267716535,0.4647887323943662
