,epoch,train_matthews_correlation,validation_matthews_correlation
0,0,0.006826025566577461,0.0
1,1,0.010972260746793788,0.0
2,2,0.014391341768425036,0.0
3,3,0.1520740154132883,0.2421494758731827
4,4,0.3740419229079203,0.29116921463999856
5,5,0.43948675923858327,0.3087692707367235
6,6,0.5052109734094765,0.3363293976073125
7,7,0.5297479438846506,0.33777660866485226
8,8,0.5518867243401001,0.3481767776563624
9,9,0.566301352817989,0.37635061994870816
