,epoch,train_accuracy,validation_accuracy
0,0,0.6965656505664524,0.8795871559633027
1,1,0.8804882032398402,0.9048165137614679
2,2,0.9152028983355358,0.9162844036697247
3,3,0.9344014016540706,0.9105504587155964
4,4,0.9476458447786901,0.908256880733945
5,5,0.9542532183105911,0.9105504587155964
6,6,0.9587373234940385,0.9151376146788991
7,7,0.9625978114003177,0.9185779816513762
8,8,0.9653595450563482,0.9174311926605505
9,9,0.9660870985463779,0.9231651376146789
