,epoch,train_accuracy,validation_accuracy
0,0,0.6227337387701326,0.7865641588870584
1,1,0.7922534202762953,0.8352553542009885
2,2,0.8264227681086087,0.8466044298004759
3,3,0.8506916930009643,0.8579535053999634
4,4,0.8685926505828552,0.8716822258832143
5,5,0.8802306598054285,0.8784550613216182
6,6,0.8914485932234135,0.8832143510891451
7,7,0.8992677314951835,0.8872414424308988
8,8,0.9055497742092551,0.8888888888888888
9,9,0.9076501532321969,0.8892549881017756
