,epoch,train_accuracy,validation_accuracy
0,0,0.4987951807228916,0.47653429602888087
1,1,0.4799196787148594,0.5379061371841155
2,2,0.5152610441767068,0.5379061371841155
3,3,0.5228915662650603,0.5379061371841155
4,4,0.5321285140562249,0.5631768953068592
5,5,0.5477911646586345,0.5667870036101083
6,6,0.5534136546184739,0.5631768953068592
7,7,0.5859437751004016,0.5740072202166066
8,8,0.5799196787148594,0.5992779783393501
9,9,0.576706827309237,0.5884476534296029
