,epoch,train_accuracy,validation_accuracy
0,0,0.7565660712410376,0.8687534321801208
1,1,0.862854796979273,0.8876075416437854
2,2,0.9103710987846443,0.8865092440051254
3,3,0.9498295828838204,0.8854109463664653
4,4,0.9712057130309424,0.8941973274757459
5,5,0.9825286654000744,0.8962108731466227
6,6,0.989879991980371,0.8830313014827018
7,7,0.9941953161547789,0.8918176825919825
8,8,0.996658487918047,0.8940142778693025
9,9,0.9983101496042694,0.8938312282628592
