,epoch,train_matthews_correlation,validation_matthews_correlation
0,0,0.09857044024190742,0.0592680243795702
1,1,0.3569057238101913,0.4507129896372791
2,2,0.6177252559567863,0.44963336671994786
3,3,0.7600833559028751,0.5291140309961344
4,4,0.8337161199341327,0.5279532549901665
5,5,0.893697728464874,0.5127811849112192
6,6,0.9421823536130153,0.5522294868395369
7,7,0.9549439527517989,0.4863407934609938
8,8,0.9690921015386024,0.5450984477574647
9,9,0.977572436704949,0.5390752681565225
