,epoch,train_accuracy,validation_accuracy
0,0,0.4967871485943775,0.5054151624548736
1,1,0.5216867469879518,0.5126353790613718
2,2,0.5771084337349398,0.5956678700361011
3,3,0.7377510040160643,0.5992779783393501
4,4,0.8497991967871485,0.6173285198555957
5,5,0.908433734939759,0.6498194945848376
6,6,0.957429718875502,0.628158844765343
7,7,0.9746987951807229,0.6570397111913358
8,8,0.9919678714859438,0.628158844765343
9,9,0.993574297188755,0.6389891696750902
