,epoch,train_accuracy,validation_accuracy
0,0,0.821927571307666,0.9071100917431193
1,1,0.9340302008938515,0.9048165137614679
2,2,0.9565695110543586,0.8979357798165137
3,3,0.9723826634396947,0.9105504587155964
4,4,0.9809648250159616,0.911697247706422
5,5,0.9868149489970155,0.9162844036697247
6,6,0.9901112117477616,0.9059633027522935
7,7,0.9931699060119675,0.911697247706422
8,8,0.995114997995516,0.9105504587155964
9,9,0.9966591931580275,0.908256880733945
