,epoch,train_accuracy,validation_accuracy
0,0,0.4755905511811024,0.5352112676056338
1,1,0.5165354330708661,0.4225352112676056
2,2,0.49606299212598426,0.5633802816901409
3,3,0.521259842519685,0.5633802816901409
4,4,0.5228346456692914,0.5633802816901409
5,5,0.5275590551181102,0.5633802816901409
6,6,0.48346456692913387,0.5633802816901409
7,7,0.44251968503937006,0.43661971830985913
8,8,0.5118110236220472,0.5633802816901409
9,9,0.48661417322834644,0.5633802816901409
