,epoch,train_accuracy,validation_accuracy
0,0,0.4818897637795276,0.4084507042253521
1,1,0.510236220472441,0.4647887323943662
2,2,0.47716535433070867,0.49295774647887325
3,3,0.48346456692913387,0.39436619718309857
4,4,0.5228346456692914,0.23943661971830985
5,5,0.49133858267716535,0.2112676056338028
6,6,0.521259842519685,0.22535211267605634
7,7,0.5322834645669291,0.23943661971830985
8,8,0.5165354330708661,0.23943661971830985
9,9,0.5417322834645669,0.23943661971830985
