,epoch,train_accuracy,validation_accuracy
0,0,0.6453815261044177,0.7075812274368231
1,1,0.7265060240963855,0.7328519855595668
2,2,0.7779116465863454,0.7364620938628159
3,3,0.8465863453815261,0.7292418772563177
4,4,0.8875502008032129,0.7509025270758123
5,5,0.9176706827309237,0.740072202166065
6,6,0.9373493975903614,0.740072202166065
7,7,0.9554216867469879,0.7472924187725631
8,8,0.9634538152610441,0.7328519855595668
9,9,0.9670682730923694,0.7292418772563177
