,epoch,train_matthews_correlation,validation_matthews_correlation
0,0,0.04967971615484233,0.0
1,1,0.03272775509872079,0.0463559874942472
2,2,0.2837542429201668,0.22793121349147036
3,3,0.4886477077025235,0.2808231208963771
4,4,0.6147991600377944,0.29871168199754417
5,5,0.6971854936588238,0.3263722946736965
6,6,0.7445556630015197,0.31236083623809213
7,7,0.7765442195032594,0.30441767981754264
8,8,0.7953771776349705,0.3092293427685487
9,9,0.8074532923287816,0.3137830618286813
