,epoch,train_matthews_correlation,validation_matthews_correlation
0,0,0.10142806249112578,0.3337896690332149
1,1,0.4147323908564274,0.46541884516411336
2,2,0.6599555171295386,0.49721964515409217
3,3,0.7722121323441498,0.4972389075572045
4,4,0.8353147945641648,0.49333010163844776
5,5,0.9083576340345486,0.4808450206752891
6,6,0.9296802913487755,0.48754130142234064
7,7,0.9581560474484468,0.5106306596485645
8,8,0.9688348240139133,0.4844980219639951
9,9,0.9803703951357038,0.513134547199089
