,epoch,train_accuracy,validation_accuracy
0,0,0.5181102362204725,0.5352112676056338
1,1,0.49291338582677163,0.5211267605633803
2,2,0.5448818897637795,0.38028169014084506
3,3,0.5464566929133858,0.38028169014084506
4,4,0.6047244094488189,0.352112676056338
5,5,0.6173228346456693,0.23943661971830985
6,6,0.6551181102362205,0.352112676056338
7,7,0.7307086614173228,0.30985915492957744
8,8,0.768503937007874,0.30985915492957744
9,9,0.7889763779527559,0.323943661971831
