,epoch,train_accuracy,validation_accuracy
0,0,0.7626506024096386,0.855595667870036
1,1,0.8522088353413655,0.8339350180505415
2,2,0.9317269076305221,0.8339350180505415
3,3,0.9626506024096385,0.8158844765342961
4,4,0.978714859437751,0.8267148014440433
5,5,0.9887550200803212,0.8375451263537906
6,6,0.9927710843373494,0.8267148014440433
7,7,0.9955823293172691,0.8447653429602888
8,8,1.0,0.8628158844765343
9,9,0.9967871485943776,0.8483754512635379
