,epoch,train_accuracy,validation_accuracy,test_not_calculated
0,0,0.7549812397964542,0.8583196046128501,
1,1,0.8597424171543683,0.8973091707852828,
2,2,0.8768509590139675,0.9020684605528098,
3,3,0.8917922916089858,0.9152480322167308,
4,4,0.9007475439886198,0.9157971810360608,
5,5,0.9087289842757988,0.9198242723778144,
