,epoch,train_matthews_correlation,validation_matthews_correlation,test_not_calculated
0,0,0.08724957884930275,0.44397286177085654,
1,1,0.4520418912224014,0.49162305109049664,
2,2,0.5183572623343717,0.5812018675459495,
3,3,0.5675276476217014,0.5701743615529957,
4,4,0.6101101018338311,0.5554433905906734,
5,5,0.6541932312835966,0.5679361809424823,
