,epoch,train_accuracy,train_f1,validation_accuracy,validation_f1,test_not_calculated
0,0,0.8002039324329524,0.7284348628445696,0.8559732871629978,0.8114618746964547,
1,1,0.852044546319047,0.804942297588637,0.863071976255256,0.829609110495537,
2,2,0.8680815509858566,0.8258999172990149,0.879940638139995,0.8450884023744175,
3,3,0.8789515344403951,0.8400919299850776,0.8831808063319317,0.8442128178909523,
4,4,0.8847616848886617,0.8475957501717452,0.8860004946821667,0.8510679548906195,
5,5,0.88977479483078,0.8541864363026872,0.8887954489240663,0.8534454658061151,
