,epoch,train_exact_match,train_f1,validation_exact_match,validation_f1
0,0,24.995719129213803,36.007636122228035,64.0491958372753,73.6412725116507
1,1,51.00971472277081,65.92492011634567,72.5922421948912,81.33889264944666
2,2,57.79746344136348,72.40437576631986,77.00094607379376,85.02337825452105
3,3,60.607997808194156,74.9965464146131,78.26868495742669,86.31068916818094
4,4,62.153677553396726,76.4021412662004,79.17691579943235,86.7276738495652
5,5,63.6034657929885,77.73176784148808,79.40397350993378,86.86571804110338
