,epoch,train_accuracy,validation_matched_accuracy,validation_mismatched_accuracy,test_matched_not_calculated,test_mismatched_not_calculated
0,0,0.701379162825756,0.8264900662251655,0.8313669650122051,,
1,1,0.8054504433387148,0.839429444727458,0.8417412530512612,,
2,2,0.821103533977418,0.8462557310239429,0.8527257933279089,,
3,3,0.833219591445931,0.8524707080998472,0.851606997558991,,
4,4,0.8397105184083605,0.8555272542027509,0.8553702196908055,,
5,5,0.8447983458194763,0.8544065206316862,0.8588283157038242,,
