,epoch,train_pearson,train_spearmanr,validation_pearson,validation_spearmanr,test_not_calculated
0,0,0.01626560185130997,0.026934813697383913,0.4743552422441809,0.5046470960344125,
1,1,0.04351893597492346,0.05519567020211873,0.5538540258954804,0.5729425986274314,
2,2,0.06812572474877931,0.08498321980868773,0.5874382852505776,0.5920761657155188,
3,3,0.07127764978014264,0.13404068058084653,0.7900605582969561,0.7997005641585755,
4,4,0.13239437767769602,0.25083721521135915,0.7737205734614333,0.7846679554009955,
5,5,0.14790747619098626,0.32202038998062626,0.8083003553677559,0.8167315451155784,
