,epoch,train_accuracy,validation_accuracy,test_not_calculated
0,0,0.4995983935742972,0.5234657039711191,
1,1,0.5389558232931727,0.6534296028880866,
2,2,0.6269076305220883,0.6787003610108303,
3,3,0.708433734939759,0.703971119133574,
4,4,0.7437751004016064,0.7220216606498195,
5,5,0.7622489959839357,0.740072202166065,
