,epoch,train_accuracy,train_f1,validation_accuracy,validation_f1,test_not_calculated
0,0,0.6676663031624863,0.7957097368862075,0.75,0.8333333333333334,
1,1,0.759814612868048,0.8295608434900368,0.8431372549019608,0.889655172413793,
2,2,0.8282442748091603,0.8733413751507841,0.8676470588235294,0.91,
3,3,0.8497818974918212,0.8891124974844032,0.8823529411764706,0.9120879120879121,
4,4,0.8664122137404581,0.9008498583569404,0.8995098039215687,0.9261261261261262,
5,5,0.8857688113413305,0.9153364316023439,0.8848039215686274,0.9168141592920355,
