,epoch,train_accuracy,validation_accuracy,test_not_calculated
0,0,0.808712824243864,0.9231651376146789,
1,1,0.8967913406286656,0.9162844036697247,
2,2,0.9085361326819997,0.9288990825688074,
3,3,0.9209787821645459,0.9380733944954128,
4,4,0.9286403658554693,0.9403669724770642,
5,5,0.9341786811979391,0.9380733944954128,
