,epoch,train_accuracy,validation_accuracy,test_not_calculated
0,0,0.47874015748031495,0.5352112676056338,
1,1,0.5070866141732283,0.5633802816901409,
2,2,0.49606299212598426,0.5633802816901409,
3,3,0.494488188976378,0.5633802816901409,
4,4,0.521259842519685,0.4084507042253521,
5,5,0.5070866141732283,0.43661971830985913,
