,epoch,train_accuracy,validation_accuracy
0,0,0.5473895582329317,0.8194945848375451
1,1,0.8068273092369478,0.8339350180505415
2,2,0.9028112449799197,0.8086642599277978
3,3,0.9546184738955823,0.8267148014440433
4,4,0.9602409638554217,0.8267148014440433
5,5,0.9598393574297188,0.8086642599277978
6,6,0.9783132530120482,0.8194945848375451
7,7,0.989558232931727,0.8194945848375451
8,8,0.9931726907630523,0.8194945848375451
9,9,0.9951807228915662,0.8122743682310469
