,epoch,train_accuracy,validation_accuracy
0,0,0.48661417322834644,0.4788732394366197
1,1,0.49606299212598426,0.5211267605633803
2,2,0.494488188976378,0.5774647887323944
3,3,0.5637795275590551,0.38028169014084506
4,4,0.5905511811023622,0.323943661971831
5,5,0.6440944881889764,0.352112676056338
6,6,0.6850393700787402,0.3380281690140845
7,7,0.7417322834645669,0.30985915492957744
8,8,0.7811023622047244,0.323943661971831
9,9,0.8283464566929134,0.3380281690140845
