,epoch,train_matthews_correlation,validation_matthews_correlation
0,0,0.09955229292202208,0.4315719153344676
1,1,0.42368581039034586,0.5180298002282796
2,2,0.6498012122068965,0.48363151084768286
3,3,0.7288381918448835,0.5554433905906734
4,4,0.8167952663299867,0.4709975754506614
5,5,0.8624618896797387,0.3791372485356886
6,6,0.8604853437734239,0.49935956093083417
7,7,0.9338689080261042,0.5366659048957605
8,8,0.9719137145064266,0.5056823030358335
9,9,0.9778428125677183,0.5701743615529957
