,epoch,train_accuracy,validation_accuracy
0,0,0.46614173228346456,0.5915492957746479
1,1,0.47401574803149604,0.4647887323943662
2,2,0.494488188976378,0.4225352112676056
3,3,0.5070866141732283,0.4084507042253521
4,4,0.5228346456692914,0.28169014084507044
5,5,0.552755905511811,0.28169014084507044
6,6,0.5401574803149606,0.2112676056338028
7,7,0.521259842519685,0.2112676056338028
8,8,0.5181102362204725,0.23943661971830985
9,9,0.5307086614173229,0.2535211267605634
