,epoch,train_matthews_correlation,validation_matthews_correlation
0,0,0.05742626224816549,0.04161454566059593
1,1,0.06382027343826004,0.1270534068811398
2,2,0.3019650734870041,0.3005408025423396
3,3,0.5134428913122304,0.32471256254664554
4,4,0.6078233391928644,0.29972796009297104
5,5,0.6760465888086317,0.3042515173643067
6,6,0.7155011022601178,0.2813770482234984
7,7,0.741083633879542,0.2858884512122551
8,8,0.7711216198007418,0.3358887190900699
9,9,0.8003081561417432,0.34002588779889487
