,epoch,train_accuracy,validation_accuracy
0,0,0.5048192771084338,0.6859205776173285
1,1,0.6702811244979919,0.7220216606498195
2,2,0.7654618473895582,0.7292418772563177
3,3,0.8377510040160643,0.740072202166065
4,4,0.8879518072289156,0.7364620938628159
5,5,0.91285140562249,0.7148014440433214
6,6,0.9325301204819277,0.7581227436823105
7,7,0.9514056224899599,0.7725631768953068
8,8,0.9654618473895582,0.7545126353790613
9,9,0.9662650602409638,0.7833935018050542
