,epoch,train_accuracy,validation_accuracy
0,0,0.47716535433070867,0.43661971830985913
1,1,0.510236220472441,0.5633802816901409
2,2,0.48031496062992124,0.38028169014084506
3,3,0.49291338582677163,0.30985915492957744
4,4,0.510236220472441,0.38028169014084506
5,5,0.5023622047244094,0.38028169014084506
6,6,0.5023622047244094,0.30985915492957744
7,7,0.5133858267716536,0.36619718309859156
8,8,0.5165354330708661,0.352112676056338
9,9,0.5070866141732283,0.3380281690140845
