,epoch,train_accuracy,validation_accuracy
0,0,0.4863453815261044,0.4693140794223827
1,1,0.5036144578313253,0.5379061371841155
2,2,0.5309236947791165,0.5415162454873647
3,3,0.6168674698795181,0.5776173285198556
4,4,0.6626506024096386,0.5884476534296029
5,5,0.729718875502008,0.5956678700361011
6,6,0.7843373493975904,0.5884476534296029
7,7,0.8216867469879519,0.5848375451263538
8,8,0.8285140562248996,0.5956678700361011
9,9,0.8453815261044176,0.5956678700361011
