,epoch,train_accuracy,validation_accuracy
0,0,0.7412879181576564,0.8990825688073395
1,1,0.9085509807124085,0.9162844036697247
2,2,0.9421372254970378,0.9151376146788991
3,3,0.9589303478893525,0.9231651376146789
4,4,0.9696654738748905,0.9277522935779816
5,5,0.9751443970957252,0.9288990825688074
6,6,0.9794206298534499,0.9231651376146789
7,7,0.9836671665503571,0.9220183486238532
8,8,0.9854934742906354,0.9174311926605505
9,9,0.9877355268823591,0.9254587155963303
