,epoch,train_matthews_correlation,validation_matthews_correlation
0,0,-0.014109879272556176,0.0
1,1,0.04332372850881983,0.23962307926422197
2,2,0.3604776474890183,0.3849367682698164
3,3,0.5629773552997851,0.4423775977311462
4,4,0.6688016287140793,0.42515807154625584
5,5,0.7315693170335582,0.42515807154625584
6,6,0.779744618804808,0.4398264575924005
7,7,0.8032522664875749,0.43363279903062896
8,8,0.8216882983114928,0.44436498029196
9,9,0.8409158754302739,0.4655219507489053
