,epoch,train_accuracy,validation_accuracy
0,0,0.7016602541458618,0.8178656415888705
1,1,0.8247902007771403,0.8491671242906828
2,2,0.8647928739868058,0.8707669778509977
3,3,0.9014540351145184,0.8870583928244554
4,4,0.9241285813849136,0.8870583928244554
5,5,0.9422491240464757,0.8907193849533224
6,6,0.9554433231815014,0.8899871865275489
7,7,0.9647136324145766,0.8887058392824455
8,8,0.9715589585938917,0.8894380377082189
9,9,0.9756451505112513,0.8892549881017756
