,epoch,train_accuracy,validation_accuracy
0,0,0.7500644434472948,0.8603331502837269
1,1,0.8595801151389592,0.8773567636829581
2,2,0.9097409850777618,0.8896210873146623
3,3,0.9498200357064434,0.8855939959729087
4,4,0.9721031477043812,0.8940142778693025
5,5,0.9832733452354812,0.8965769723595094
6,6,0.9893739915793895,0.8960278235401794
7,7,0.9938898064787146,0.8973091707852828
8,8,0.9963529782419828,0.8963939227530661
9,9,0.9975654697688628,0.8973091707852828
