,epoch,train_accuracy,validation_accuracy
0,0,0.519277108433735,0.5018050541516246
1,1,0.5281124497991968,0.5487364620938628
2,2,0.6024096385542169,0.628158844765343
3,3,0.7465863453815261,0.6389891696750902
4,4,0.8526104417670682,0.592057761732852
5,5,0.9060240963855422,0.6209386281588448
6,6,0.9421686746987952,0.631768953068592
7,7,0.9734939759036144,0.6425992779783394
8,8,0.9891566265060241,0.6534296028880866
9,9,0.9899598393574297,0.6678700361010831
