,epoch,train_matthews_correlation,validation_matthews_correlation
0,0,0.06410655529566965,0.2845045651100063
1,1,0.3597708845689624,0.4008615654356388
2,2,0.616644460904008,0.5263656926265686
3,3,0.7578405615175002,0.4844980219639951
4,4,0.8391944227008744,0.44817708771808024
5,5,0.891832153173805,0.5427045284376305
6,6,0.9349606308943901,0.5880199146512337
7,7,0.9586910783181684,0.5232819075279987
8,8,0.9727423900820154,0.52017691531359
9,9,0.9814558294169324,0.5468696296312392
