,epoch,train_accuracy,validation_accuracy
0,0,0.8165080402084663,0.8990825688073395
1,1,0.9322484372447994,0.9013761467889908
2,2,0.9581879463689141,0.9013761467889908
3,3,0.9729023445040016,0.9025229357798165
4,4,0.9813805698674071,0.9128440366972477
5,5,0.9866664686929278,0.9071100917431193
6,6,0.9906754369032947,0.911697247706422
7,7,0.9930214257078799,0.9197247706422018
8,8,0.9949368216306107,0.9208715596330275
9,9,0.9964661687627137,0.9220183486238532
