,epoch,train_accuracy,validation_accuracy
0,0,0.48661417322834644,0.4788732394366197
1,1,0.5070866141732283,0.4225352112676056
2,2,0.5039370078740157,0.323943661971831
3,3,0.5165354330708661,0.39436619718309857
4,4,0.5275590551181102,0.3380281690140845
5,5,0.5433070866141733,0.352112676056338
6,6,0.5480314960629922,0.4225352112676056
7,7,0.5637795275590551,0.4647887323943662
8,8,0.5496062992125984,0.4647887323943662
9,9,0.5464566929133858,0.2535211267605634
