,epoch,train_accuracy,validation_accuracy
0,0,0.5086614173228347,0.5633802816901409
1,1,0.521259842519685,0.5492957746478874
2,2,0.5322834645669291,0.5352112676056338
3,3,0.48031496062992124,0.5633802816901409
4,4,0.5228346456692914,0.5633802816901409
5,5,0.5338582677165354,0.5633802816901409
6,6,0.4881889763779528,0.5633802816901409
7,7,0.5401574803149606,0.3380281690140845
8,8,0.49291338582677163,0.19718309859154928
9,9,0.5055118110236221,0.18309859154929578
