,epoch,train_accuracy,validation_accuracy
0,0,0.6698795180722892,0.740072202166065
1,1,0.7827309236947791,0.7725631768953068
2,2,0.8967871485943775,0.7581227436823105
3,3,0.9562248995983936,0.7545126353790613
4,4,0.9759036144578314,0.7689530685920578
5,5,0.9891566265060241,0.7581227436823105
6,6,0.9943775100401606,0.7617328519855595
7,7,0.9951807228915662,0.7617328519855595
8,8,0.9955823293172691,0.7617328519855595
9,9,0.9979919678714859,0.7581227436823105
