,epoch,train_matthews_correlation,validation_matthews_correlation
0,0,0.04401927004358348,0.058936921430734465
1,1,0.30734479007026866,0.3884569188624487
2,2,0.6251079364453049,0.4325231818860751
3,3,0.7692519132910797,0.45314237018673453
4,4,0.8360846998534233,0.4625120224003658
5,5,0.9075463062822418,0.4664784054861729
6,6,0.9358221523178671,0.4896234097252215
7,7,0.957575811528664,0.47017490077401913
8,8,0.9707780644311019,0.45031026323351586
9,9,0.9789476018460184,0.48566773145039716
