,epoch,train_matthews_correlation,validation_matthews_correlation
0,0,0.04592857198579559,0.06558874629318973
1,1,0.42286918909169685,0.39644870288978334
2,2,0.5946576864819939,0.5391297972897818
3,3,0.7446081038702221,0.549719450045872
4,4,0.8315922113668961,0.6080032628620455
5,5,0.8981725236586422,0.5752957675685068
6,6,0.9252735001469614,0.60819133045274
7,7,0.952232472613607,0.5883537726521672
8,8,0.9697297275702225,0.6035894895952164
9,9,0.9761347843781908,0.6231769752814784
