,epoch,train_accuracy,validation_accuracy
0,0,0.4895582329317269,0.5487364620938628
1,1,0.5200803212851406,0.5884476534296029
2,2,0.6473895582329318,0.6534296028880866
3,3,0.7353413654618474,0.6389891696750902
4,4,0.8188755020080322,0.7220216606498195
5,5,0.8783132530120482,0.7581227436823105
6,6,0.934136546184739,0.7617328519855595
7,7,0.9602409638554217,0.7436823104693141
8,8,0.9763052208835341,0.7545126353790613
9,9,0.9867469879518073,0.7870036101083032
