,epoch,train_accuracy,validation_accuracy
0,0,0.5322834645669291,0.5633802816901409
1,1,0.5165354330708661,0.5633802816901409
2,2,0.494488188976378,0.5633802816901409
3,3,0.48661417322834644,0.5633802816901409
4,4,0.4818897637795276,0.5633802816901409
5,5,0.46141732283464565,0.5352112676056338
6,6,0.47716535433070867,0.5633802816901409
7,7,0.4692913385826772,0.4647887323943662
8,8,0.49291338582677163,0.5633802816901409
9,9,0.5086614173228347,0.5492957746478874
