,epoch,train_accuracy,validation_accuracy
0,0,0.8226996688889219,0.9380733944954128
1,1,0.9285809737338342,0.9369266055045872
2,2,0.9482694620558583,0.9369266055045872
3,3,0.9646913836879538,0.9334862385321101
4,4,0.9745356278489659,0.9323394495412844
5,5,0.9811578494112756,0.9231651376146789
6,6,0.9852262097432776,0.930045871559633
7,7,0.9892203299232357,0.9392201834862385
8,8,0.9920266076704926,0.9323394495412844
9,9,0.9941647240493549,0.9346330275229358
