,epoch,train_accuracy,validation_accuracy
0,0,0.7943633464766142,0.8982244188174996
1,1,0.892040518220788,0.9136005857587406
2,2,0.9198705402747678,0.9128683873329673
3,3,0.9477292038608786,0.9071938495332235
4,4,0.9668999360339116,0.9154310818231741
5,5,0.9783183601768137,0.9139666849716274
6,6,0.9860611210295676,0.917993776313381
7,7,0.9921904089056071,0.9172615778876075
8,8,0.9947776939747763,0.9207395204100312
9,9,0.9969639975941113,0.9231191652937946
