,epoch,train_accuracy,validation_accuracy
0,0,0.6248995983935743,0.6967509025270758
1,1,0.7032128514056225,0.7220216606498195
2,2,0.7409638554216867,0.7220216606498195
3,3,0.772289156626506,0.7220216606498195
4,4,0.793574297188755,0.7256317689530686
5,5,0.8096385542168675,0.7220216606498195
6,6,0.8261044176706828,0.7256317689530686
7,7,0.8337349397590361,0.7292418772563177
8,8,0.8389558232931726,0.7184115523465704
9,9,0.8457831325301205,0.7220216606498195
