,epoch,train_accuracy,validation_accuracy
0,0,0.46771653543307085,0.4647887323943662
1,1,0.5228346456692914,0.5211267605633803
2,2,0.4566929133858268,0.4084507042253521
3,3,0.49133858267716535,0.39436619718309857
4,4,0.510236220472441,0.36619718309859156
5,5,0.49763779527559054,0.352112676056338
6,6,0.5181102362204725,0.36619718309859156
7,7,0.46771653543307085,0.36619718309859156
8,8,0.5070866141732283,0.36619718309859156
9,9,0.5039370078740157,0.36619718309859156
