,epoch,train_matthews_correlation,validation_matthews_correlation
0,0,0.0755287182158318,0.021324732257988185
1,1,0.04019609522301125,-0.020702674026557004
2,2,0.10940710104858474,0.16332238121235196
3,3,0.23105866351744192,0.23261176177230758
4,4,0.37343616770065446,0.2551495253996429
5,5,0.4481881186550018,0.2788201378911936
6,6,0.47176697319156247,0.2852371922144055
7,7,0.506467772203121,0.28746797314219025
8,8,0.5272407521882431,0.2913288076498901
9,9,0.5360580214196897,0.3132088164238629
