,epoch,train_matthews_correlation,validation_matthews_correlation
0,0,0.04687420133640434,0.15650538724366975
1,1,0.4298831836583844,0.466399008874559
2,2,0.6460886486577292,0.5752574997417079
3,3,0.7799245440494685,0.5353683709142973
4,4,0.8452181188357134,0.5312491014766616
5,5,0.8835685929079299,0.5236201884746546
6,6,0.9249842861999482,0.5829069963924198
7,7,0.951606372719597,0.5932929833327301
8,8,0.9662572712060155,0.5704260999182836
9,9,0.9716564302317028,0.5930546484314362
