,epoch,train_accuracy,validation_accuracy
0,0,0.8268571174033764,0.9311926605504587
1,1,0.9299469925314408,0.930045871559633
2,2,0.9515211807153781,0.9369266055045872
3,3,0.9663395150633268,0.9380733944954128
4,4,0.9748474364875499,0.9334862385321101
5,5,0.9819893391141665,0.9380733944954128
6,6,0.9857458908075843,0.9346330275229358
7,7,0.9896063787138636,0.9346330275229358
8,8,0.9918187352447698,0.9392201834862385
9,9,0.9936598910154568,0.9392201834862385
