,epoch,train_accuracy,validation_accuracy
0,0,0.48031496062992124,0.5633802816901409
1,1,0.5228346456692914,0.5633802816901409
2,2,0.5165354330708661,0.5633802816901409
3,3,0.49763779527559054,0.5633802816901409
4,4,0.49291338582677163,0.5633802816901409
5,5,0.46771653543307085,0.5633802816901409
6,6,0.49606299212598426,0.5633802816901409
7,7,0.44881889763779526,0.5352112676056338
8,8,0.49606299212598426,0.4084507042253521
9,9,0.5228346456692914,0.3380281690140845
