,epoch,train_accuracy,validation_accuracy
0,0,0.7832313376550223,0.8996888156690463
1,1,0.8936635383748794,0.9159802306425041
2,2,0.9244818269478629,0.920190371590701
3,3,0.9511661877166016,0.9245835621453414
4,4,0.9697068061827521,0.9119531393007505
5,5,0.9802277956522154,0.924400512538898
6,6,0.9874741032813649,0.9249496613582281
7,7,0.9916557669724946,0.9227530660809079
8,8,0.9950354677639556,0.9245835621453414
9,9,0.9969162617072262,0.9236683141131247
