,epoch,train_accuracy,validation_accuracy
0,0,0.5024096385542168,0.5234657039711191
1,1,0.4919678714859438,0.5270758122743683
2,2,0.491566265060241,0.5379061371841155
3,3,0.4835341365461847,0.5090252707581228
4,4,0.5084337349397591,0.5126353790613718
5,5,0.5345381526104418,0.5342960288808665
6,6,0.5397590361445783,0.5415162454873647
7,7,0.5775100401606426,0.5523465703971119
8,8,0.5791164658634538,0.5415162454873647
9,9,0.5963855421686747,0.5595667870036101
