,epoch,train_accuracy,validation_accuracy
0,0,0.49763779527559054,0.5070422535211268
1,1,0.49291338582677163,0.4647887323943662
2,2,0.48976377952755906,0.38028169014084506
3,3,0.5228346456692914,0.43661971830985913
4,4,0.5401574803149606,0.39436619718309857
5,5,0.5543307086614173,0.43661971830985913
6,6,0.552755905511811,0.5211267605633803
7,7,0.537007874015748,0.5211267605633803
8,8,0.5118110236220472,0.39436619718309857
9,9,0.5291338582677165,0.22535211267605634
