,epoch,train_accuracy,validation_accuracy
0,0,0.7869159156037951,0.8795871559633027
1,1,0.9200730523096111,0.8944954128440367
2,2,0.9513875484416993,0.8979357798165137
3,3,0.9681955188644227,0.9162844036697247
4,4,0.9773419055962227,0.9128440366972477
5,5,0.9839492791281237,0.9071100917431193
6,6,0.9876612867303152,0.9139908256880734
7,7,0.9911357258459665,0.9105504587155964
8,8,0.9928432493429746,0.9105504587155964
9,9,0.994921973600202,0.9128440366972477
