,epoch,train_accuracy,validation_accuracy
0,0,0.7122767153890952,0.8363536518396485
1,1,0.8415073083642821,0.876258466044298
2,2,0.88976829000506,0.8927329306241991
3,3,0.9329406261038924,0.885227896760022
4,4,0.9591380808264037,0.8896210873146623
5,5,0.9737929981001117,0.8927329306241991
6,6,0.9828437222535158,0.8951125755079626
7,7,0.9883142548905416,0.8987735676368296
8,8,0.9925818431780644,0.8965769723595094
9,9,0.9941380330905167,0.8991396668497162
