,epoch,train_matthews_correlation,validation_matthews_correlation
0,0,0.03199982009623659,0.18022057570093403
1,1,0.3114087066995791,0.4402056101061122
2,2,0.5380666202664997,0.3841074296065309
3,3,0.6991527993529523,0.47377458539536016
4,4,0.7860589196140109,0.5035139086750311
5,5,0.8384726311399392,0.5547291984984687
6,6,0.8867708100239474,0.5624066288493853
7,7,0.9139466074496968,0.5390406008281052
8,8,0.9366015652225257,0.529206928614411
9,9,0.941474158063989,0.5314160137547841
