,epoch,train_accuracy,validation_accuracy
0,0,0.4919678714859438,0.5342960288808665
1,1,0.5180722891566265,0.5342960288808665
2,2,0.5566265060240964,0.5631768953068592
3,3,0.642570281124498,0.5884476534296029
4,4,0.7353413654618474,0.6209386281588448
5,5,0.8112449799196787,0.6570397111913358
6,6,0.8518072289156626,0.6462093862815884
7,7,0.8919678714859438,0.6462093862815884
8,8,0.9216867469879518,0.631768953068592
9,9,0.9345381526104418,0.6425992779783394
