,epoch,train_accuracy,validation_accuracy
0,0,0.5108433734939759,0.51985559566787
1,1,0.529718875502008,0.5126353790613718
2,2,0.5795180722891566,0.5415162454873647
3,3,0.6907630522088354,0.5740072202166066
4,4,0.7987951807228916,0.6028880866425993
5,5,0.8558232931726908,0.6028880866425993
6,6,0.9080321285140562,0.628158844765343
7,7,0.9337349397590361,0.6209386281588448
8,8,0.9534136546184739,0.6173285198555957
9,9,0.9662650602409638,0.6173285198555957
