,epoch,train_accuracy,validation_accuracy
0,0,0.7278863504005041,0.8442247849167124
1,1,0.8502334284868679,0.8731466227347611
2,2,0.9004229399578014,0.876807614863628
3,3,0.9421727466274596,0.9024345597656965
4,4,0.9669190303886656,0.8993227164561596
5,5,0.978633417030255,0.8936481786564159
6,6,0.9873213484433327,0.8982244188174996
7,7,0.9919708238259358,0.8963939227530661
8,8,0.9953027887305118,0.8980413692110562
9,9,0.9970021863036194,0.9013362621270364
