,epoch,train_accuracy,validation_accuracy
0,0,0.7864556266611235,0.8899082568807339
1,1,0.9246610937059199,0.9094036697247706
2,2,0.954579874979584,0.9174311926605505
3,3,0.9719075264666142,0.9128440366972477
4,4,0.979480021975085,0.9197247706422018
5,5,0.9854786262602265,0.9094036697247706
6,6,0.9896360747746812,0.9185779816513762
7,7,0.9920414557009013,0.9208715596330275
8,8,0.9944913807183478,0.9220183486238532
9,9,0.9959464876984068,0.9151376146788991
