,epoch,train_matthews_correlation,validation_matthews_correlation
0,0,0.07885122507139684,0.14344384638355523
1,1,0.3342812154458225,0.3880516330500076
2,2,0.5713215472714698,0.42436731140681866
3,3,0.7111737122006545,0.5390439985632989
4,4,0.810467017793084,0.5512772054945002
5,5,0.8679037709981021,0.5395109128667314
6,6,0.9152866911182311,0.5077854223436783
7,7,0.9343268046481706,0.5046718184221465
8,8,0.9572649981283122,0.5000765695969273
9,9,0.9674595255088791,0.5311983410233877
