,epoch,train_accuracy,validation_accuracy
0,0,0.5228346456692914,0.5633802816901409
1,1,0.48976377952755906,0.5633802816901409
2,2,0.5606299212598426,0.5352112676056338
3,3,0.5464566929133858,0.5633802816901409
4,4,0.5165354330708661,0.5633802816901409
5,5,0.5007874015748032,0.5633802816901409
6,6,0.46141732283464565,0.23943661971830985
7,7,0.5055118110236221,0.23943661971830985
8,8,0.5275590551181102,0.22535211267605634
9,9,0.5433070866141733,0.23943661971830985
