,epoch,train_accuracy,validation_accuracy
0,0,0.6811051812531626,0.8174995423759839
1,1,0.8176202705670068,0.8451400329489291
2,2,0.859484643365189,0.8660076880834706
3,3,0.8919259520922639,0.880468606992495
4,4,0.9114117411187382,0.8896210873146623
5,5,0.9295036422481693,0.8934651290499726
6,6,0.9415330857432,0.8993227164561596
7,7,0.9497150167552963,0.8930990298370859
8,8,0.9571618151093629,0.8940142778693025
9,9,0.9604364969496768,0.8951125755079626
