,epoch,train_matthews_correlation,validation_matthews_correlation
0,0,0.005821219596269962,0.0
1,1,0.02679749748282704,0.08036809130702588
2,2,0.2907239953558476,0.3363293976073125
3,3,0.519691384257187,0.3831259786013925
4,4,0.5983720262390139,0.40463899755350985
5,5,0.6750699938233643,0.42774103746029585
6,6,0.7109681535313527,0.4167950321083243
7,7,0.7503569000803173,0.4306932716491276
8,8,0.7715412373318828,0.44334412190361633
9,9,0.7733441634500894,0.44561177658768747
