,epoch,train_accuracy,validation_accuracy
0,0,0.7393725222349256,0.8944954128440367
1,1,0.901527862329062,0.9151376146788991
2,2,0.9351883472657352,0.9162844036697247
3,3,0.9540898899760947,0.9105504587155964
4,4,0.9629096200389018,0.9151376146788991
5,5,0.9693388172058977,0.9185779816513762
6,6,0.974401995575287,0.9094036697247706
7,7,0.9777428024172593,0.9162844036697247
8,8,0.9805342321341074,0.9162844036697247
9,9,0.9825981083609259,0.9197247706422018
