,epoch,train_accuracy,validation_accuracy
0,0,0.5070866141732283,0.5633802816901409
1,1,0.48661417322834644,0.5774647887323944
2,2,0.525984251968504,0.4788732394366197
3,3,0.49291338582677163,0.43661971830985913
4,4,0.5023622047244094,0.38028169014084506
5,5,0.5039370078740157,0.23943661971830985
6,6,0.5086614173228347,0.29577464788732394
7,7,0.5307086614173229,0.30985915492957744
8,8,0.5181102362204725,0.29577464788732394
9,9,0.5291338582677165,0.28169014084507044
