,epoch,train_accuracy,validation_accuracy
0,0,0.4911646586345382,0.4981949458483754
1,1,0.4931726907630522,0.5415162454873647
2,2,0.5092369477911647,0.5342960288808665
3,3,0.578714859437751,0.5018050541516246
4,4,0.614859437751004,0.51985559566787
5,5,0.6763052208835342,0.5234657039711191
6,6,0.7092369477911646,0.5306859205776173
7,7,0.742570281124498,0.5306859205776173
8,8,0.7526104417670683,0.5342960288808665
9,9,0.7634538152610442,0.5306859205776173
