,epoch,train_accuracy,validation_accuracy
0,0,0.49291338582677163,0.5492957746478874
1,1,0.5007874015748032,0.5774647887323944
2,2,0.5118110236220472,0.5633802816901409
3,3,0.49921259842519683,0.5070422535211268
4,4,0.48503937007874015,0.23943661971830985
5,5,0.525984251968504,0.23943661971830985
6,6,0.5023622047244094,0.29577464788732394
7,7,0.5149606299212598,0.2676056338028169
8,8,0.5070866141732283,0.28169014084507044
9,9,0.5448818897637795,0.29577464788732394
