,epoch,train_accuracy,validation_accuracy
0,0,0.6393574297188755,0.7220216606498195
1,1,0.7224899598393574,0.7292418772563177
2,2,0.7831325301204819,0.7220216606498195
3,3,0.8461847389558232,0.7256317689530686
4,4,0.8911646586345382,0.7328519855595668
5,5,0.921285140562249,0.7328519855595668
6,6,0.9433734939759036,0.740072202166065
7,7,0.9562248995983936,0.7472924187725631
8,8,0.9582329317269076,0.7436823104693141
9,9,0.9630522088353414,0.7472924187725631
