,epoch,train_matthews_correlation,validation_matthews_correlation
0,0,0.030917106614387853,-0.020702674026557004
1,1,0.047078900866842695,0.1225138970340786
2,2,0.3287537187714503,0.27356428891843526
3,3,0.5154754565372474,0.32072758607302876
4,4,0.6297344357494559,0.3631515243396485
5,5,0.7105630948694778,0.3677329582305324
6,6,0.7588606753962439,0.3683468766078719
7,7,0.7998223902197987,0.34785429910257887
8,8,0.8230211014339786,0.35134259126219886
9,9,0.8293352615881134,0.35828357969563823
