,epoch,train_accuracy,validation_accuracy
0,0,0.7961513905180477,0.9392201834862385
1,1,0.9286106697946518,0.9151376146788991
2,2,0.950199706008998,0.948394495412844
3,3,0.9655377214212535,0.9392201834862385
4,4,0.9746395640618272,0.9392201834862385
5,5,0.9801333353130707,0.9472477064220184
6,6,0.985448930199409,0.9415137614678899
7,7,0.9880918796121695,0.9426605504587156
8,8,0.9911505738763753,0.9472477064220184
9,9,0.9923829604003029,0.9495412844036697
