,epoch,train_matthews_correlation,validation_matthews_correlation
0,0,0.039128336957227394,0.0
1,1,0.3384494911487229,0.45808820174204123
2,2,0.6178289670306224,0.5259770638545269
3,3,0.7632896470808725,0.5856531698367675
4,4,0.8404511576771437,0.5644979995646169
5,5,0.8871444772690784,0.6009540363352786
6,6,0.9227711951659108,0.6031431608368663
7,7,0.9392689161540478,0.5779181076197502
8,8,0.9576141457476665,0.581055666295123
9,9,0.9677533303787998,0.5930840237241851
