,epoch,train_accuracy,validation_accuracy
0,0,0.4907630522088353,0.5270758122743683
1,1,0.4839357429718876,0.5523465703971119
2,2,0.5156626506024097,0.5776173285198556
3,3,0.6333333333333333,0.6750902527075813
4,4,0.7485943775100402,0.6859205776173285
5,5,0.8248995983935743,0.7364620938628159
6,6,0.863855421686747,0.7436823104693141
7,7,0.9112449799196787,0.740072202166065
8,8,0.9244979919678715,0.7545126353790613
9,9,0.9530120481927711,0.7509025270758123
