,epoch,train_accuracy,validation_accuracy
0,0,0.5118110236220472,0.5352112676056338
1,1,0.4755905511811024,0.5633802816901409
2,2,0.4755905511811024,0.5774647887323944
3,3,0.49291338582677163,0.5633802816901409
4,4,0.5118110236220472,0.5633802816901409
5,5,0.4582677165354331,0.5352112676056338
6,6,0.494488188976378,0.5633802816901409
7,7,0.5118110236220472,0.5633802816901409
8,8,0.47086614173228347,0.5633802816901409
9,9,0.49921259842519683,0.5070422535211268
