,epoch,train_accuracy,validation_accuracy
0,0,0.7640033224177272,0.8936481786564159
1,1,0.8917636500768548,0.9225700164744646
2,2,0.9228206180842634,0.909573494416987
3,3,0.9488462236139885,0.9205564708035878
4,4,0.9681124275607916,0.923302214900238
5,5,0.9794926629941858,0.9172615778876075
6,6,0.9862807061092388,0.9222039172615779
7,7,0.9910542947977431,0.9247666117517848
8,8,0.9941475802678938,0.9278784550613216
9,9,0.9963529782419828,0.9297089511257551
