,epoch,train_matthews_correlation,validation_matthews_correlation
0,0,0.10455201766081322,0.3530432199947466
1,1,0.4316565704204516,0.5111538650665044
2,2,0.6539981257345469,0.4837566459939405
3,3,0.7686413014557874,0.4840665822021329
4,4,0.8512405729987201,0.5316372091056994
5,5,0.9021941054750217,0.5633880074988443
6,6,0.9347568223305543,0.5520922661403441
7,7,0.9494560146022526,0.5627305137323906
8,8,0.96660492551442,0.4902718526664373
9,9,0.9780976063276428,0.5372712841497043
