,epoch,train_accuracy,validation_accuracy
0,0,0.7867469879518072,0.8411552346570397
1,1,0.8618473895582329,0.8303249097472925
2,2,0.9349397590361446,0.8483754512635379
3,3,0.9678714859437751,0.8231046931407943
4,4,0.976706827309237,0.8375451263537906
5,5,0.9879518072289156,0.8122743682310469
6,6,0.9907630522088353,0.8375451263537906
7,7,0.9967871485943776,0.8375451263537906
8,8,0.9971887550200803,0.8339350180505415
9,9,0.9987951807228915,0.8339350180505415
