,epoch,train_accuracy,validation_accuracy
0,0,0.521259842519685,0.5070422535211268
1,1,0.5322834645669291,0.5211267605633803
2,2,0.5055118110236221,0.4788732394366197
3,3,0.5448818897637795,0.6056338028169014
4,4,0.537007874015748,0.5352112676056338
5,5,0.5433070866141733,0.5915492957746479
6,6,0.5023622047244094,0.6197183098591549
7,7,0.5354330708661418,0.36619718309859156
8,8,0.6,0.36619718309859156
9,9,0.6299212598425197,0.352112676056338
