,epoch,train_accuracy,validation_accuracy
0,0,0.48503937007874015,0.5633802816901409
1,1,0.47874015748031495,0.5492957746478874
2,2,0.49291338582677163,0.5633802816901409
3,3,0.5023622047244094,0.5633802816901409
4,4,0.4881889763779528,0.5633802816901409
5,5,0.510236220472441,0.5352112676056338
6,6,0.49606299212598426,0.352112676056338
7,7,0.537007874015748,0.16901408450704225
8,8,0.521259842519685,0.16901408450704225
9,9,0.5480314960629922,0.15492957746478872
