,epoch,train_accuracy,validation_accuracy
0,0,0.6843373493975904,0.7653429602888087
1,1,0.7807228915662651,0.776173285198556
2,2,0.9080321285140562,0.7617328519855595
3,3,0.9554216867469879,0.7617328519855595
4,4,0.9791164658634538,0.7617328519855595
5,5,0.9887550200803212,0.7689530685920578
6,6,0.9955823293172691,0.7581227436823105
7,7,0.9955823293172691,0.7472924187725631
8,8,0.9971887550200803,0.7581227436823105
9,9,0.9995983935742971,0.7617328519855595
