,epoch,train_matthews_correlation,validation_matthews_correlation
0,0,0.0596384641784078,0.10233990488306238
1,1,0.3189559364942025,0.387611617358486
2,2,0.6083003375663033,0.43262718467553657
3,3,0.7804908867769138,0.5045931528721592
4,4,0.8421831121187249,0.45008318903303624
5,5,0.8936275888569515,0.4894206280310853
6,6,0.9262350649266067,0.46411094322127294
7,7,0.9629520257888418,0.4499152516617143
8,8,0.9733044425525692,0.4384135017689582
9,9,0.9812089453619608,0.45166271483009557
