,epoch,train_accuracy,validation_accuracy
0,0,0.62570281124498,0.7328519855595668
1,1,0.7357429718875502,0.7364620938628159
2,2,0.804417670682731,0.7653429602888087
3,3,0.8674698795180723,0.7725631768953068
4,4,0.9253012048192771,0.779783393501805
5,5,0.9417670682730924,0.7653429602888087
6,6,0.9634538152610441,0.7545126353790613
7,7,0.97429718875502,0.7581227436823105
8,8,0.97429718875502,0.7653429602888087
9,9,0.9746987951807229,0.7689530685920578
