,epoch,train_accuracy,validation_accuracy
0,0,0.5007874015748032,0.5492957746478874
1,1,0.494488188976378,0.39436619718309857
2,2,0.47244094488188976,0.4788732394366197
3,3,0.5133858267716536,0.39436619718309857
4,4,0.5181102362204725,0.3380281690140845
5,5,0.5023622047244094,0.29577464788732394
6,6,0.5196850393700787,0.323943661971831
7,7,0.5543307086614173,0.2676056338028169
8,8,0.5511811023622047,0.2676056338028169
9,9,0.552755905511811,0.2676056338028169
