,epoch,train_matthews_correlation,validation_matthews_correlation
0,0,0.02212745950916143,0.048639888821286496
1,1,0.1164619990819857,0.27620999719509925
2,2,0.37216159896005213,0.3791514250884126
3,3,0.5785846503995455,0.3703713637146685
4,4,0.6364407708870825,0.3817526421408947
5,5,0.6971059521701322,0.32639394893537477
6,6,0.737621513765054,0.3566374441862646
7,7,0.784781169442136,0.40397614941529575
8,8,0.8263439405894131,0.3913138125912846
9,9,0.8489253754397087,0.4090940878623874
