,epoch,train_accuracy,validation_accuracy
0,0,0.6080321285140562,0.740072202166065
1,1,0.7248995983935743,0.776173285198556
2,2,0.8192771084337349,0.7725631768953068
3,3,0.9044176706827309,0.7833935018050542
4,4,0.9538152610441767,0.779783393501805
5,5,0.97429718875502,0.7833935018050542
6,6,0.9815261044176706,0.7833935018050542
7,7,0.9835341365461847,0.779783393501805
8,8,0.9911646586345382,0.7870036101083032
9,9,0.9915662650602409,0.7833935018050542
