,epoch,train_matthews_correlation,validation_matthews_correlation
0,0,0.04034783978752776,0.0685666029393718
1,1,0.17327001849361012,0.24875108570562454
2,2,0.4664211305116002,0.3829388732719194
3,3,0.6522299176356117,0.40871759532786767
4,4,0.771773637697942,0.40566035822414115
5,5,0.8128654471181622,0.4069899871395845
6,6,0.8351673005086886,0.39164945782890503
7,7,0.8732073563194945,0.3947695039801518
8,8,0.9055015757901784,0.39738998737159736
9,9,0.9248069205836041,0.4010126131662754
