,epoch,train_accuracy,validation_accuracy
0,0,0.5023622047244094,0.5070422535211268
1,1,0.49606299212598426,0.4788732394366197
2,2,0.46141732283464565,0.4647887323943662
3,3,0.5196850393700787,0.30985915492957744
4,4,0.494488188976378,0.30985915492957744
5,5,0.5023622047244094,0.29577464788732394
6,6,0.5433070866141733,0.22535211267605634
7,7,0.5354330708661418,0.2535211267605634
8,8,0.5354330708661418,0.19718309859154928
9,9,0.5606299212598426,0.2112676056338028
